step,gdt,tm,rmsd,c1tm,success,recovery,diversity
0,0.3365,0.2912,9.5377,0.3446,0.2288,0.502,0.2023
10,0.3153,0.2811,10.176,0.3439,0.2418,0.4956,0.2114
20,0.3224,0.2788,10.4905,0.3507,0.2418,0.5052,0.1506
30,0.3429,0.3012,9.773,0.3678,0.268,0.509,0.1399
40,0.354,0.3108,9.1969,0.3781,0.2418,0.5024,0.1568
50,0.3426,0.3032,9.3176,0.3684,0.268,0.5024,0.1622
60,0.3658,0.3262,8.8238,0.3796,0.268,0.5054,0.1689
70,0.3641,0.3227,8.7615,0.3853,0.281,0.514,0.1599
80,0.3602,0.3112,8.6927,0.3665,0.2941,0.5014,0.1733
90,0.3571,0.314,8.5608,0.3698,0.2745,0.4949,0.1866
100,0.3545,0.3174,9.0236,0.3708,0.2876,0.504,0.1704
110,0.3679,0.3229,9.1089,0.3659,0.281,0.5041,0.1265
120,0.343,0.3036,9.2988,0.3584,0.2549,0.4995,0.146
130,0.363,0.3109,8.9367,0.362,0.281,0.505,0.1694
140,0.3677,0.3202,8.5909,0.3704,0.268,0.5092,0.1571
150,0.3711,0.3136,8.3364,0.3697,0.2549,0.5096,0.1445
160,0.3601,0.3075,8.2095,0.362,0.2288,0.5097,0.1394
170,0.3657,0.3087,8.4617,0.3676,0.2484,0.5117,0.1494
180,0.3892,0.3314,7.4827,0.3783,0.281,0.5063,0.1602
190,0.3626,0.3095,8.1628,0.361,0.2549,0.5022,0.1725
200,0.3501,0.3056,8.5809,0.363,0.2549,0.4991,0.1695
210,0.3588,0.3169,8.6396,0.3678,0.2614,0.4954,0.1675
220,0.3709,0.3333,8.648,0.3774,0.3007,0.5043,0.1442
230,0.382,0.3402,8.3509,0.3794,0.3072,0.5001,0.1478
240,0.3726,0.3314,8.4004,0.3693,0.268,0.5064,0.1459
250,0.3717,0.329,8.7459,0.3684,0.281,0.4955,0.1457
260,0.3699,0.3213,8.2947,0.3724,0.268,0.5004,0.1707
270,0.3624,0.3248,8.5719,0.3808,0.2876,0.4982,0.1783
280,0.3667,0.3283,8.1642,0.3842,0.2876,0.4983,0.1747
290,0.3681,0.3325,8.0473,0.3812,0.2876,0.5007,0.1679
300,0.3686,0.3255,8.4685,0.3773,0.3007,0.5008,0.1643
310,0.3607,0.3211,8.4033,0.3795,0.2941,0.496,0.1802
320,0.3567,0.3189,8.5276,0.3754,0.268,0.497,0.1631
330,0.3655,0.3261,8.1575,0.381,0.281,0.4975,0.1624
340,0.3796,0.3366,7.978,0.3883,0.281,0.5017,0.1604
350,0.3487,0.311,9.1017,0.3688,0.268,0.4973,0.1714
360,0.3553,0.3192,8.9091,0.377,0.268,0.4999,0.1703
370,0.3771,0.3316,7.8497,0.3854,0.2941,0.5043,0.1573
380,0.3735,0.3309,8.0834,0.3844,0.2876,0.5043,0.1627
390,0.3711,0.3296,8.2282,0.3887,0.3137,0.5069,0.1616
